{"losses": [0.6966098546981812, 0.6828701496124268, 0.6744115352630615, 0.6665587425231934, 0.6588031053543091, 0.6516799926757812, 0.645943284034729, 0.6398811340332031, 0.636099100112915, 0.6315485835075378, 0.6278510689735413, 0.6238527894020081, 0.6211798787117004, 0.6171859502792358, 0.614178478717804, 0.6117228865623474, 0.6075510382652283, 0.6059279441833496, 0.602289617061615, 0.6019962430000305, 0.6004918217658997, 0.5951922535896301, 0.5929449796676636, 0.5918623805046082, 0.5880732536315918, 0.5864847302436829, 0.5855639576911926, 0.5816370844841003, 0.5815364122390747, 0.5763912200927734, 0.5734825134277344, 0.573796808719635, 0.5694854259490967, 0.5678139328956604, 0.5662863254547119, 0.5629799365997314, 0.5615238547325134, 0.5588188767433167, 0.5585542917251587, 0.556982159614563, 0.5503457188606262, 0.5500386357307434, 0.5514469146728516, 0.5464577078819275, 0.5423228740692139, 0.5425798892974854, 0.5397632122039795, 0.5381683707237244, 0.5373155474662781, 0.5332475900650024, 0.5306329727172852, 0.529029905796051, 0.5275171995162964, 0.5279408097267151, 0.5238128900527954, 0.5213943123817444, 0.5209529399871826, 0.5230024456977844, 0.524400532245636, 0.5128495097160339, 0.5151189565658569, 0.5176249742507935, 0.5128955245018005, 0.5102970004081726, 0.5140932202339172, 0.5062870979309082, 0.5090129375457764, 0.510693371295929, 0.5020892024040222, 0.5084682106971741, 0.5062609314918518, 0.4997483491897583, 0.5081617832183838, 0.4982340633869171, 0.5008080005645752, 0.49987363815307617, 0.49507245421409607, 0.4975569248199463, 0.49485230445861816, 0.49492666125297546, 0.49502408504486084, 0.48689767718315125, 0.4926561415195465, 0.49208807945251465, 0.48612910509109497, 0.4919821619987488, 0.4866044521331787, 0.4864550232887268, 0.4861048758029938, 0.48490506410598755, 0.48519763350486755, 0.48554474115371704, 0.481442928314209, 0.4824618101119995, 0.4815150499343872, 0.47625303268432617, 0.477305144071579, 0.4781727194786072, 0.4759071469306946, 0.4752718508243561], "f1s": [0.15685461913963675, 0.1906454039088303, 0.1969433831191386, 0.21877340122809644, 0.22923328717109404, 0.22086228754992518, 0.21924086059121917, 0.22374686489040746, 0.2313966469209804, 0.23643790509138654, 0.2350819508792906, 0.2319726567927307, 0.23158589581385114, 0.23416091095762553, 0.23704860653732523, 0.2358031268946005, 0.2372559481285212, 0.24289538128595023, 0.24182485829143888, 0.2399941837216911, 0.24266534062655395, 0.24317266891524317, 0.24783724688658618, 0.24489722192117336, 0.2512873525462046, 0.2523819004010125, 0.2509124686852007, 0.2621558379977528, 0.2522249713800362, 0.26216721394291487, 0.2636813403615982, 0.2549276297593805, 0.2687235630753919, 0.2675014571985609, 0.2626247209874659, 0.2740771812080537, 0.26660001176263015, 0.26848841435264764, 0.280999528524281, 0.2633806650211632, 0.2840666428192037, 0.2850964810221061, 0.26719123543474577, 0.28990435706695006, 0.29188982831991556, 0.27561123855459485, 0.2938254399964036, 0.2911035297205091, 0.28338078976967584, 0.30334003835898393, 0.2973118931370064, 0.29234030436295755, 0.3111539852887978, 0.2868343479978525, 0.3093238135237295, 0.30742305788073826, 0.2919615203166985, 0.32205804952566786, 0.2826867570079742, 0.3168479229809235, 0.3221840079620041, 0.28810074530968904, 0.31881620985370773, 0.3272888550972565, 0.29242972474475143, 0.3214773953711476, 0.3322385075750691, 0.29068012076910854, 0.31587510741907765, 0.34011080483611256, 0.29669957860416474, 0.3087063218016375, 0.3450338378590885, 0.3141962651850872, 0.30436021057295676, 0.3396815733400389, 0.3276678941118614, 0.30446407207432147, 0.33170107532173526, 0.3400775303617654, 0.30950297701615487, 0.3293008529641093, 0.346765982530411, 0.3156378870197028, 0.32606070364704937, 0.352737037802107, 0.31917267896010343, 0.32318139492630193, 0.3573833640482756, 0.3252164009111617, 0.32166012338754907, 0.3506189271928657, 0.3291156760746952, 0.32476288683157883, 0.357912223353518, 0.3356012284431845, 0.3344621607638399, 0.3525163033594014, 0.3334615160519723, 0.3431319625067478]}